﻿<?xml version="1.0" encoding="utf-8" ?> 
<survey name="SurveyApp" displayName="Personal Survey">
	<description>This survey is a survey of personal information.</description>
	<question type="dropdown" name="FruitQuestion">
		<text>Which fruit is orange and circular?</text>
		<responses>
			<response default = 'false'>Apple</response>
			<response default = 'false'>Banana</response>
			<response default = 'false'>Orange</response>
			<response default = 'false'>Strawberry</response>
		</responses>	
	</question>
	<question type="dropdown" name="SkyQuestion">
		<text>What color is the sky?</text>
		<responses>
			<response default = 'true'>Blue</response>
			<response default = 'false'>Red</response>
			<response default = 'false'>Orange</response>
			<response default = 'false'>Yellow</response>
		</responses>	
	</question>
	<question type="text" name="MusicianQuestion">
		<text>Describe your favorite type of music.</text>
		<defaultResponse></defaultResponse>
		<maxCharacters>75</maxCharacters>
	</question>
	<question type="multilist" name="SoupQuestion">
		<text>Which soups do you like? (Select all that apply)</text>
		<responses>
			<response>Clam Chowder</response>
			<response default="true">Tomato</response>
			<response>Chicken Noodle</response>
			<response>Split Pea</response>
			<response>Cream of Mushroom</response>
		</responses>		
	</question>
	<question type="radio" name="GenderQuestion">
		<text>What is your gender?</text>
		<responses>
			<response>Male</response>
			<response>Female</response>
		</responses>	
	</question>
</survey>
